x-axis,1,2,MATH
second,Volt,Volt,Volt
+24.5000E-06,+3.2187500000E+00,+5.1054687500E+00,+1.8888200335E+00
+24.6000E-06,+3.2148437500E+00,+5.1015625000E+00,+1.8868669085E+00
+24.7000E-06,+3.2265625000E+00,+5.1054687500E+00,+1.8798356584E+00
+24.8000E-06,+3.2500000000E+00,+5.1093750000E+00,+1.8610856581E+00
+24.9000E-06,+3.2578125000E+00,+5.1093750000E+00,+1.8528825330E+00
+25.0000E-06,+3.2617187500E+00,+5.1093750000E+00,+1.8474137829E+00
+25.1000E-06,+3.2382812500E+00,+5.0898437500E+00,+1.8528825330E+00
+25.2000E-06,+3.2695312500E+00,+5.1093750000E+00,+1.8399919078E+00
+25.3000E-06,+3.3242187500E+00,+5.1289062500E+00,+1.8044450323E+00
+25.4000E-06,+3.3164062500E+00,+5.1171875000E+00,+1.8017106572E+00
+25.5000E-06,+3.2929687500E+00,+5.1054687500E+00,+1.8122575324E+00
+25.6000E-06,+3.2929687500E+00,+5.1015625000E+00,+1.8087419073E+00
+25.7000E-06,+3.3359375000E+00,+5.1210937500E+00,+1.7853044070E+00
+25.8000E-06,+3.3515625000E+00,+5.1210937500E+00,+1.7724137818E+00
+25.9000E-06,+3.3359375000E+00,+5.1132812500E+00,+1.7755387818E+00
+26.0000E-06,+3.3476562500E+00,+5.1171875000E+00,+1.7673356567E+00
+26.1000E-06,+3.3593750000E+00,+5.1171875000E+00,+1.7563981565E+00
+26.2000E-06,+3.3984375000E+00,+5.1367187500E+00,+1.7364762813E+00
+26.3000E-06,+3.3750000000E+00,+5.1171875000E+00,+1.7392106563E+00
+26.4000E-06,+3.3437500000E+00,+5.0976562500E+00,+1.7560075315E+00
+26.5000E-06,+3.3867187500E+00,+5.1250000000E+00,+1.7349137812E+00
+26.6000E-06,+3.4257812500E+00,+5.1328125000E+00,+1.7075700308E+00
+26.7000E-06,+3.4218750000E+00,+5.1328125000E+00,+1.7087419058E+00
+26.8000E-06,+3.4140625000E+00,+5.1250000000E+00,+1.7099137809E+00
+26.9000E-06,+3.4023437500E+00,+5.1132812500E+00,+1.7110856559E+00
+27.0000E-06,+3.4375000000E+00,+5.1328125000E+00,+1.6962419057E+00
+27.1000E-06,+3.4453125000E+00,+5.1289062500E+00,+1.6845231555E+00
+27.2000E-06,+3.4140625000E+00,+5.1093750000E+00,+1.6989762807E+00
+27.3000E-06,+3.4453125000E+00,+5.1328125000E+00,+1.6845231555E+00
+27.4000E-06,+3.4882812500E+00,+5.1445312500E+00,+1.6575700301E+00
+27.5000E-06,+3.4648437500E+00,+5.1328125000E+00,+1.6649919052E+00
+27.6000E-06,+3.4531250000E+00,+5.1210937500E+00,+1.6700700303E+00
+27.7000E-06,+3.4648437500E+00,+5.1250000000E+00,+1.6618669051E+00
+27.8000E-06,+3.4882812500E+00,+5.1367187500E+00,+1.6466325299E+00
+27.9000E-06,+3.5000000000E+00,+5.1406250000E+00,+1.6376481548E+00
+28.0000E-06,+3.5039062500E+00,+5.1367187500E+00,+1.6345231547E+00
+28.1000E-06,+3.4960937500E+00,+5.1289062500E+00,+1.6345231547E+00
+28.2000E-06,+3.5156250000E+00,+5.1406250000E+00,+1.6251481546E+00
+28.3000E-06,+3.5390625000E+00,+5.1484375000E+00,+1.6063981543E+00
+28.4000E-06,+3.5039062500E+00,+5.1250000000E+00,+1.6181169045E+00
+28.5000E-06,+3.5156250000E+00,+5.1328125000E+00,+1.6169450295E+00
+28.6000E-06,+3.5585937500E+00,+5.1484375000E+00,+1.5907731541E+00
+28.7000E-06,+3.5664062500E+00,+5.1484375000E+00,+1.5817887789E+00
+28.8000E-06,+3.5507812500E+00,+5.1367187500E+00,+1.5868669040E+00
+28.9000E-06,+3.5351562500E+00,+5.1289062500E+00,+1.5911637791E+00
+29.0000E-06,+3.5664062500E+00,+5.1445312500E+00,+1.5782731539E+00
+29.1000E-06,+3.5859375000E+00,+5.1484375000E+00,+1.5622575287E+00
+29.2000E-06,+3.5937500000E+00,+5.1523437500E+00,+1.5563981536E+00
+29.3000E-06,+3.5898437500E+00,+5.1445312500E+00,+1.5552262785E+00
+29.4000E-06,+3.5859375000E+00,+5.1406250000E+00,+1.5548356535E+00
+29.5000E-06,+3.5976562500E+00,+5.1445312500E+00,+1.5470231534E+00
+29.6000E-06,+3.6054687500E+00,+5.1445312500E+00,+1.5384294033E+00
+29.7000E-06,+3.6171875000E+00,+5.1484375000E+00,+1.5337419032E+00
+29.8000E-06,+3.6132812500E+00,+5.1406250000E+00,+1.5286637782E+00
+29.9000E-06,+3.6250000000E+00,+5.1484375000E+00,+1.5247575281E+00
+30.0000E-06,+3.6523437500E+00,+5.1640625000E+00,+1.5114762779E+00
+30.1000E-06,+3.6445312500E+00,+5.1523437500E+00,+1.5079606528E+00
+30.2000E-06,+3.6250000000E+00,+5.1367187500E+00,+1.5153825280E+00
+30.3000E-06,+3.6328125000E+00,+5.1406250000E+00,+1.5075700278E+00
+30.4000E-06,+3.6640625000E+00,+5.1601562500E+00,+1.4931169026E+00
+30.5000E-06,+3.6757812500E+00,+5.1601562500E+00,+1.4849137775E+00
+30.6000E-06,+3.6601562500E+00,+5.1484375000E+00,+1.4880387775E+00
+30.7000E-06,+3.6640625000E+00,+5.1523437500E+00,+1.4860856525E+00
+30.8000E-06,+3.6835937500E+00,+5.1562500000E+00,+1.4739762773E+00
+30.9000E-06,+3.6914062500E+00,+5.1562500000E+00,+1.4681169023E+00
+31.0000E-06,+3.6835937500E+00,+5.1523437500E+00,+1.4673356522E+00
+31.1000E-06,+3.6875000000E+00,+5.1523437500E+00,+1.4642106522E+00
+31.2000E-06,+3.7031250000E+00,+5.1601562500E+00,+1.4556169021E+00
+31.3000E-06,+3.7109375000E+00,+5.1601562500E+00,+1.4509294020E+00
+31.4000E-06,+3.7109375000E+00,+5.1601562500E+00,+1.4493669020E+00
+31.5000E-06,+3.7187500000E+00,+5.1601562500E+00,+1.4411637768E+00
+31.6000E-06,+3.7226562500E+00,+5.1562500000E+00,+1.4364762768E+00
+31.7000E-06,+3.7304687500E+00,+5.1640625000E+00,+1.4329606517E+00
+31.8000E-06,+3.7343750000E+00,+5.1601562500E+00,+1.4255387766E+00
+31.9000E-06,+3.7304687500E+00,+5.1523437500E+00,+1.4243669016E+00
+32.0000E-06,+3.7382812500E+00,+5.1601562500E+00,+1.4212419016E+00
+32.1000E-06,+3.7617187500E+00,+5.1679687500E+00,+1.4075700263E+00
+32.2000E-06,+3.7578125000E+00,+5.1640625000E+00,+1.4052262763E+00
+32.3000E-06,+3.7695312500E+00,+5.1679687500E+00,+1.3981950262E+00
+32.4000E-06,+3.7695312500E+00,+5.1640625000E+00,+1.3927262761E+00
+32.5000E-06,+3.7656250000E+00,+5.1601562500E+00,+1.3931169011E+00
+32.6000E-06,+3.7773437500E+00,+5.1640625000E+00,+1.3864762760E+00
+32.7000E-06,+3.7851562500E+00,+5.1640625000E+00,+1.3802262759E+00
+32.8000E-06,+3.7851562500E+00,+5.1640625000E+00,+1.3771012759E+00
+32.9000E-06,+3.7968750000E+00,+5.1679687500E+00,+1.3728044008E+00
+33.0000E-06,+3.8203125000E+00,+5.1796875000E+00,+1.3571794006E+00
+33.1000E-06,+3.8125000000E+00,+5.1679687500E+00,+1.3579606506E+00
+33.2000E-06,+3.8085937500E+00,+5.1679687500E+00,+1.3595231506E+00
+33.3000E-06,+3.8125000000E+00,+5.1640625000E+00,+1.3548356506E+00
+33.4000E-06,+3.8046875000E+00,+5.1601562500E+00,+1.3552262756E+00
+33.5000E-06,+3.8242187500E+00,+5.1679687500E+00,+1.3454606504E+00
+33.6000E-06,+3.8515625000E+00,+5.1835937500E+00,+1.3329606502E+00
+33.7000E-06,+3.8398437500E+00,+5.1718750000E+00,+1.3321794002E+00
+33.8000E-06,+3.8359375000E+00,+5.1718750000E+00,+1.3337419002E+00
+33.9000E-06,+3.8476562500E+00,+5.1757812500E+00,+1.3274919002E+00
+34.0000E-06,+3.8242187500E+00,+5.1562500000E+00,+1.3321794002E+00
+34.1000E-06,+3.8593750000E+00,+5.1796875000E+00,+1.3200700250E+00
+34.2000E-06,+3.8945312500E+00,+5.1914062500E+00,+1.2974137747E+00
+34.3000E-06,+3.8710937500E+00,+5.1757812500E+00,+1.3063981498E+00
+34.4000E-06,+3.8593750000E+00,+5.1679687500E+00,+1.3087418999E+00
+34.5000E-06,+3.8593750000E+00,+5.1679687500E+00,+1.3060075248E+00
+34.6000E-06,+3.8828125000E+00,+5.1757812500E+00,+1.2946793997E+00
+34.7000E-06,+3.9062500000E+00,+5.1875000000E+00,+1.2810075245E+00
+34.8000E-06,+3.8945312500E+00,+5.1796875000E+00,+1.2841325245E+00
+34.9000E-06,+3.8789062500E+00,+5.1640625000E+00,+1.2884293996E+00
+35.0000E-06,+3.9101562500E+00,+5.1835937500E+00,+1.2755387744E+00
+35.1000E-06,+3.9570312500E+00,+5.2070312500E+00,+1.2470231490E+00
+35.2000E-06,+3.8867187500E+00,+5.1562500000E+00,+1.2704606493E+00
+35.3000E-06,+3.8789062500E+00,+5.1601562500E+00,+1.2833512745E+00
+35.4000E-06,+3.9335937500E+00,+5.1835937500E+00,+1.2524918990E+00
+35.5000E-06,+3.9687500000E+00,+5.1992187500E+00,+1.2302262737E+00
+35.6000E-06,+3.9648437500E+00,+5.1914062500E+00,+1.2290543987E+00
+35.7000E-06,+3.9218750000E+00,+5.1679687500E+00,+1.2454606489E+00
+35.8000E-06,+3.9414062500E+00,+5.1796875000E+00,+1.2384293988E+00
+35.9000E-06,+3.9882812500E+00,+5.1992187500E+00,+1.2095231484E+00
+36.0000E-06,+3.9648437500E+00,+5.1796875000E+00,+1.2161637735E+00
+36.1000E-06,+3.9531250000E+00,+5.1757812500E+00,+1.2224137736E+00
+36.2000E-06,+3.9687500000E+00,+5.1835937500E+00,+1.2153825235E+00
+36.3000E-06,+4.0039062500E+00,+5.1953125000E+00,+1.1911637731E+00
+36.4000E-06,+4.0156250000E+00,+5.1953125000E+00,+1.1813981480E+00
+36.5000E-06,+3.9921875000E+00,+5.1835937500E+00,+1.1923356481E+00
+36.6000E-06,+3.9882812500E+00,+5.1796875000E+00,+1.1919450231E+00
+36.7000E-06,+4.0117187500E+00,+5.1875000000E+00,+1.1771012729E+00
+36.8000E-06,+4.0234375000E+00,+5.1914062500E+00,+1.1673356478E+00
+36.9000E-06,+4.0312500000E+00,+5.1914062500E+00,+1.1606950227E+00
+37.0000E-06,+4.0312500000E+00,+5.1875000000E+00,+1.1595231477E+00
+37.1000E-06,+4.0429687500E+00,+5.1914062500E+00,+1.1501481475E+00
+37.2000E-06,+4.0507812500E+00,+5.1914062500E+00,+1.1407731474E+00
+37.3000E-06,+4.0585937500E+00,+5.1953125000E+00,+1.1341325223E+00
+37.4000E-06,+4.0625000000E+00,+5.1914062500E+00,+1.1282731472E+00
+37.5000E-06,+4.0585937500E+00,+5.1835937500E+00,+1.1274918972E+00
+37.6000E-06,+4.0781250000E+00,+5.1953125000E+00,+1.1157731470E+00
+37.7000E-06,+4.1015625000E+00,+5.2031250000E+00,+1.1005387718E+00
+37.8000E-06,+4.0937500000E+00,+5.1914062500E+00,+1.0974137717E+00
+37.9000E-06,+4.0625000000E+00,+5.1718750000E+00,+1.1110856469E+00
+38.0000E-06,+4.0937500000E+00,+5.1914062500E+00,+1.0978043967E+00
+38.1000E-06,+4.1484375000E+00,+5.2148437500E+00,+1.0692887713E+00
+38.2000E-06,+4.1289062500E+00,+5.1992187500E+00,+1.0696793963E+00
+38.3000E-06,+4.0976562500E+00,+5.1835937500E+00,+1.0849137715E+00
+38.4000E-06,+4.1054687500E+00,+5.1875000000E+00,+1.0817887715E+00
+38.5000E-06,+4.1406250000E+00,+5.1992187500E+00,+1.0618668962E+00
+38.6000E-06,+4.1523437500E+00,+5.2070312500E+00,+1.0524918961E+00
+38.7000E-06,+4.1367187500E+00,+5.1914062500E+00,+1.0560075211E+00
+38.8000E-06,+4.1328125000E+00,+5.1914062500E+00,+1.0575700211E+00
+38.9000E-06,+4.1562500000E+00,+5.2031250000E+00,+1.0466325210E+00
+39.0000E-06,+4.2109375000E+00,+5.2265625000E+00,+1.0161637705E+00
+39.1000E-06,+4.1484375000E+00,+5.1835937500E+00,+1.0364762708E+00
+39.2000E-06,+4.1132812500E+00,+5.1757812500E+00,+1.0614762712E+00
+39.3000E-06,+4.1640625000E+00,+5.1992187500E+00,+1.0368668958E+00
+39.4000E-06,+4.2070312500E+00,+5.2187500000E+00,+1.0091325204E+00
+39.5000E-06,+4.2031250000E+00,+5.2109375000E+00,+1.0071793954E+00
+39.6000E-06,+4.1718750000E+00,+5.1953125000E+00,+1.0220231456E+00
+39.7000E-06,+4.1718750000E+00,+5.1953125000E+00,+1.0235856456E+00
+39.8000E-06,+4.2226562500E+00,+5.2187500000E+00,+998.1950202E-03
+39.9000E-06,+4.2109375000E+00,+5.2070312500E+00,+995.8512702E-03
+40.0000E-06,+3.8515625000E+00,+4.9296875000E+00,+1.0794450215E+00
+40.1000E-06,+4.2890625000E+00,+5.3242187500E+00,+1.0345231458E+00
+40.2000E-06,+4.1523437500E+00,+5.1835937500E+00,+1.0329606458E+00
+40.3000E-06,+4.1132812500E+00,+5.1289062500E+00,+1.0161637705E+00
+40.4000E-06,+4.1132812500E+00,+5.1523437500E+00,+1.0419450209E+00
+40.5000E-06,+4.0703125000E+00,+5.1328125000E+00,+1.0618668962E+00
+40.6000E-06,+4.0859375000E+00,+5.1445312500E+00,+1.0622575212E+00
+40.7000E-06,+4.0781250000E+00,+5.1484375000E+00,+1.0677262713E+00
+40.8000E-06,+4.0390625000E+00,+5.1367187500E+00,+1.0950700217E+00
+40.9000E-06,+4.0312500000E+00,+5.1367187500E+00,+1.1056168968E+00
+41.0000E-06,+4.0429687500E+00,+5.1484375000E+00,+1.1048356468E+00
+41.1000E-06,+4.0351562500E+00,+5.1484375000E+00,+1.1118668969E+00
+41.2000E-06,+4.0000000000E+00,+5.1367187500E+00,+1.1360856473E+00
+41.3000E-06,+3.9609375000E+00,+5.1210937500E+00,+1.1622575227E+00
+41.4000E-06,+3.9609375000E+00,+5.1289062500E+00,+1.1669450228E+00
+41.5000E-06,+3.9765625000E+00,+5.1367187500E+00,+1.1610856477E+00
+41.6000E-06,+3.9648437500E+00,+5.1367187500E+00,+1.1731950229E+00
+41.7000E-06,+3.9414062500E+00,+5.1289062500E+00,+1.1853043980E+00
+41.8000E-06,+3.9296875000E+00,+5.1289062500E+00,+1.1985856482E+00
+41.9000E-06,+3.9296875000E+00,+5.1328125000E+00,+1.2028825233E+00
+42.0000E-06,+3.9140625000E+00,+5.1289062500E+00,+1.2134293985E+00
+42.1000E-06,+3.8906250000E+00,+5.1171875000E+00,+1.2278825237E+00
+42.2000E-06,+3.8828125000E+00,+5.1171875000E+00,+1.2356950238E+00
+42.3000E-06,+3.8906250000E+00,+5.1289062500E+00,+1.2376481488E+00
+42.4000E-06,+3.8867187500E+00,+5.1289062500E+00,+1.2396012738E+00
+42.5000E-06,+3.8750000000E+00,+5.1250000000E+00,+1.2501481490E+00
+42.6000E-06,+3.8476562500E+00,+5.1132812500E+00,+1.2634293992E+00
+42.7000E-06,+3.8515625000E+00,+5.1210937500E+00,+1.2704606493E+00
+42.8000E-06,+3.8359375000E+00,+5.1093750000E+00,+1.2747575244E+00
+42.9000E-06,+3.8164062500E+00,+5.1054687500E+00,+1.2884293996E+00
+43.0000E-06,+3.8476562500E+00,+5.1289062500E+00,+1.2810075245E+00
+43.1000E-06,+3.8359375000E+00,+5.1171875000E+00,+1.2825700245E+00
+43.2000E-06,+3.8085937500E+00,+5.1093750000E+00,+1.3001481497E+00
+43.3000E-06,+3.8046875000E+00,+5.1132812500E+00,+1.3067887748E+00
+43.4000E-06,+3.7968750000E+00,+5.1054687500E+00,+1.3103043999E+00
+43.5000E-06,+3.7929687500E+00,+5.1093750000E+00,+1.3157731500E+00
+43.6000E-06,+3.7890625000E+00,+5.1132812500E+00,+1.3216325251E+00
+43.7000E-06,+3.7734375000E+00,+5.1015625000E+00,+1.3286637752E+00
+43.8000E-06,+3.7695312500E+00,+5.1093750000E+00,+1.3388200253E+00
+43.9000E-06,+3.7890625000E+00,+5.1210937500E+00,+1.3313981502E+00
+44.0000E-06,+3.7656250000E+00,+5.1054687500E+00,+1.3423356504E+00
+44.1000E-06,+3.7109375000E+00,+5.0820312500E+00,+1.3728044008E+00
+44.2000E-06,+3.7187500000E+00,+5.0937500000E+00,+1.3751481509E+00
+44.3000E-06,+3.7695312500E+00,+5.1210937500E+00,+1.3528825255E+00
+44.4000E-06,+3.7500000000E+00,+5.1132812500E+00,+1.3630387757E+00
+44.5000E-06,+3.7070312500E+00,+5.0937500000E+00,+1.3888200261E+00
+44.6000E-06,+3.7031250000E+00,+5.0937500000E+00,+1.3931169011E+00
+44.7000E-06,+3.7109375000E+00,+5.1015625000E+00,+1.3919450261E+00
+44.8000E-06,+3.7031250000E+00,+5.1015625000E+00,+1.3962419012E+00
+44.9000E-06,+3.6875000000E+00,+5.0937500000E+00,+1.4071794013E+00
+45.0000E-06,+3.6796875000E+00,+5.0937500000E+00,+1.4134294014E+00
+45.1000E-06,+3.6796875000E+00,+5.0976562500E+00,+1.4173356515E+00
+45.2000E-06,+3.6835937500E+00,+5.1015625000E+00,+1.4196794015E+00
+45.3000E-06,+3.6757812500E+00,+5.1015625000E+00,+1.4235856516E+00
+45.4000E-06,+3.6523437500E+00,+5.0898437500E+00,+1.4356950268E+00
+45.5000E-06,+3.6406250000E+00,+5.0859375000E+00,+1.4446794019E+00
+45.6000E-06,+3.6484375000E+00,+5.0937500000E+00,+1.4438981519E+00
+45.7000E-06,+3.6523437500E+00,+5.0976562500E+00,+1.4450700269E+00
+45.8000E-06,+3.6367187500E+00,+5.0898437500E+00,+1.4548356521E+00
+45.9000E-06,+3.6210937500E+00,+5.0859375000E+00,+1.4649919022E+00
+46.0000E-06,+3.6250000000E+00,+5.0937500000E+00,+1.4692887773E+00
+46.1000E-06,+3.6210937500E+00,+5.0937500000E+00,+1.4712419023E+00
+46.2000E-06,+3.6093750000E+00,+5.0898437500E+00,+1.4778825274E+00
+46.3000E-06,+3.5898437500E+00,+5.0820312500E+00,+1.4915544026E+00
+46.4000E-06,+3.5820312500E+00,+5.0820312500E+00,+1.4993669027E+00
+46.5000E-06,+3.6015625000E+00,+5.0937500000E+00,+1.4950700277E+00
+46.6000E-06,+3.5976562500E+00,+5.0937500000E+00,+1.4970231527E+00
+46.7000E-06,+3.5429687500E+00,+5.0664062500E+00,+1.5239762781E+00
+46.8000E-06,+3.5625000000E+00,+5.0859375000E+00,+1.5239762781E+00
+46.9000E-06,+3.5976562500E+00,+5.1015625000E+00,+1.5024919028E+00
+47.0000E-06,+3.5625000000E+00,+5.0859375000E+00,+1.5228044031E+00
+47.1000E-06,+3.5234375000E+00,+5.0703125000E+00,+1.5446794034E+00
+47.2000E-06,+3.5234375000E+00,+5.0703125000E+00,+1.5481950284E+00
+47.3000E-06,+3.5507812500E+00,+5.0937500000E+00,+1.5423356534E+00
+47.4000E-06,+3.5468750000E+00,+5.0898437500E+00,+1.5438981534E+00
+47.5000E-06,+3.5234375000E+00,+5.0820312500E+00,+1.5567887786E+00
+47.6000E-06,+3.5039062500E+00,+5.0703125000E+00,+1.5700700288E+00
+47.7000E-06,+3.5078125000E+00,+5.0781250000E+00,+1.5739762788E+00
+47.8000E-06,+3.5468750000E+00,+5.1015625000E+00,+1.5552262785E+00
+47.9000E-06,+3.4726562500E+00,+5.0585937500E+00,+1.5853044040E+00
+48.0000E-06,+3.4453125000E+00,+5.0546875000E+00,+1.6099137794E+00
+48.1000E-06,+3.5078125000E+00,+5.0937500000E+00,+1.5849137790E+00
+48.2000E-06,+3.5156250000E+00,+5.0937500000E+00,+1.5771012789E+00
+48.3000E-06,+3.4843750000E+00,+5.0820312500E+00,+1.5974137792E+00
+48.4000E-06,+3.4453125000E+00,+5.0625000000E+00,+1.6161637795E+00
+48.5000E-06,+3.4414062500E+00,+5.0664062500E+00,+1.6243669046E+00
+48.6000E-06,+3.4687500000E+00,+5.0820312500E+00,+1.6134294044E+00
+48.7000E-06,+3.4492187500E+00,+5.0703125000E+00,+1.6208512795E+00
+48.8000E-06,+3.4375000000E+00,+5.0703125000E+00,+1.6349137797E+00
+48.9000E-06,+3.4492187500E+00,+5.0781250000E+00,+1.6306169047E+00
+49.0000E-06,+3.4453125000E+00,+5.0781250000E+00,+1.6329606547E+00
+49.1000E-06,+3.4296875000E+00,+5.0703125000E+00,+1.6415544048E+00
+49.2000E-06,+3.4062500000E+00,+5.0625000000E+00,+1.6532731550E+00
+49.3000E-06,+3.4062500000E+00,+5.0664062500E+00,+1.6591325301E+00
+49.4000E-06,+3.4296875000E+00,+5.0781250000E+00,+1.6505387800E+00
+49.5000E-06,+3.4140625000E+00,+5.0703125000E+00,+1.6552262800E+00
+49.6000E-06,+3.4023437500E+00,+5.0703125000E+00,+1.6677262802E+00
+49.7000E-06,+3.3984375000E+00,+5.0703125000E+00,+1.6708512803E+00
+49.8000E-06,+3.3867187500E+00,+5.0625000000E+00,+1.6767106554E+00
+49.9000E-06,+3.3828125000E+00,+5.0664062500E+00,+1.6837419055E+00
+50.0000E-06,+3.3789062500E+00,+5.0664062500E+00,+1.6860856555E+00
+50.1000E-06,+3.3750000000E+00,+5.0664062500E+00,+1.6923356556E+00
+50.2000E-06,+3.3671875000E+00,+5.0625000000E+00,+1.6966325307E+00
+50.3000E-06,+3.3671875000E+00,+5.0664062500E+00,+1.7009294057E+00
+50.4000E-06,+3.3554687500E+00,+5.0625000000E+00,+1.7079606558E+00
+50.5000E-06,+3.3398437500E+00,+5.0585937500E+00,+1.7196794060E+00
+50.6000E-06,+3.3437500000E+00,+5.0625000000E+00,+1.7200700310E+00
+50.7000E-06,+3.3437500000E+00,+5.0664062500E+00,+1.7212419060E+00
+50.8000E-06,+3.3359375000E+00,+5.0625000000E+00,+1.7290544061E+00
+50.9000E-06,+3.3203125000E+00,+5.0625000000E+00,+1.7407731563E+00
+51.0000E-06,+3.3203125000E+00,+5.0625000000E+00,+1.7431169063E+00
+51.1000E-06,+3.3085937500E+00,+5.0585937500E+00,+1.7501481565E+00
+51.2000E-06,+3.3007812500E+00,+5.0585937500E+00,+1.7567887816E+00
+51.3000E-06,+3.3046875000E+00,+5.0664062500E+00,+1.7599137816E+00
+51.4000E-06,+3.3046875000E+00,+5.0664062500E+00,+1.7606950316E+00
+51.5000E-06,+3.2578125000E+00,+5.0429687500E+00,+1.7845231570E+00
+51.6000E-06,+3.2539062500E+00,+5.0507812500E+00,+1.7950700321E+00
+51.7000E-06,+3.3085937500E+00,+5.0820312500E+00,+1.7704606568E+00
+51.8000E-06,+3.2773437500E+00,+5.0625000000E+00,+1.7841325320E+00
+51.9000E-06,+3.2343750000E+00,+5.0468750000E+00,+1.8099137823E+00
+52.0000E-06,+3.2382812500E+00,+5.0507812500E+00,+1.8110856574E+00
+52.1000E-06,+3.2539062500E+00,+5.0625000000E+00,+1.8071794073E+00
+52.2000E-06,+3.2539062500E+00,+5.0625000000E+00,+1.8091325323E+00
+52.3000E-06,+3.2304687500E+00,+5.0546875000E+00,+1.8239762826E+00
+52.4000E-06,+3.2109375000E+00,+5.0468750000E+00,+1.8364762827E+00
+52.5000E-06,+3.2109375000E+00,+5.0507812500E+00,+1.8392106578E+00
+52.6000E-06,+3.2539062500E+00,+5.0781250000E+00,+1.8247575326E+00
+52.7000E-06,+3.2148437500E+00,+5.0468750000E+00,+1.8349137827E+00
+52.8000E-06,+3.1484375000E+00,+5.0273437500E+00,+1.8767106583E+00
+52.9000E-06,+3.2031250000E+00,+5.0585937500E+00,+1.8567887830E+00
+53.0000E-06,+3.2343750000E+00,+5.0703125000E+00,+1.8376481578E+00
+53.1000E-06,+3.1875000000E+00,+5.0507812500E+00,+1.8622575331E+00
+53.2000E-06,+3.1562500000E+00,+5.0390625000E+00,+1.8817887834E+00
+53.3000E-06,+3.1601562500E+00,+5.0429687500E+00,+1.8849137835E+00
+53.4000E-06,+3.1914062500E+00,+5.0664062500E+00,+1.8728044083E+00
+53.5000E-06,+3.1718750000E+00,+5.0507812500E+00,+1.8798356584E+00
+53.6000E-06,+3.1367187500E+00,+5.0390625000E+00,+1.9021012837E+00
+53.7000E-06,+3.1484375000E+00,+5.0507812500E+00,+1.9001481587E+00
+53.8000E-06,+3.1562500000E+00,+5.0546875000E+00,+1.8989762837E+00
+53.9000E-06,+3.1523437500E+00,+5.0507812500E+00,+1.9013200337E+00
+54.0000E-06,+3.1210937500E+00,+5.0390625000E+00,+1.9181169090E+00
+54.1000E-06,+3.1015625000E+00,+5.0351562500E+00,+1.9333512842E+00
+54.2000E-06,+3.1289062500E+00,+5.0546875000E+00,+1.9247575341E+00
+54.3000E-06,+3.1484375000E+00,+5.0625000000E+00,+1.9149919089E+00
+54.4000E-06,+3.1132812500E+00,+5.0468750000E+00,+1.9329606592E+00
+54.5000E-06,+3.0820312500E+00,+5.0390625000E+00,+1.9532731595E+00
+54.6000E-06,+3.0898437500E+00,+5.0390625000E+00,+1.9485856594E+00
+54.7000E-06,+3.1054687500E+00,+5.0507812500E+00,+1.9462419094E+00
+54.8000E-06,+3.0898437500E+00,+5.0429687500E+00,+1.9524919095E+00
+54.9000E-06,+3.0859375000E+00,+5.0468750000E+00,+1.9587419096E+00
+55.0000E-06,+3.0781250000E+00,+5.0429687500E+00,+1.9646012846E+00
+55.1000E-06,+3.0664062500E+00,+5.0390625000E+00,+1.9735856598E+00
+55.2000E-06,+3.0976562500E+00,+5.0585937500E+00,+1.9626481596E+00
+55.3000E-06,+3.0585937500E+00,+5.0351562500E+00,+1.9759294098E+00
+55.4000E-06,+3.0234375000E+00,+5.0234375000E+00,+2.0005387852E+00
+55.5000E-06,+3.0585937500E+00,+5.0468750000E+00,+1.9876481600E+00
+55.6000E-06,+3.0742187500E+00,+5.0546875000E+00,+1.9782731599E+00
+55.7000E-06,+3.0546875000E+00,+5.0468750000E+00,+1.9911637850E+00
+55.8000E-06,+3.0312500000E+00,+5.0351562500E+00,+2.0021012852E+00
+55.9000E-06,+3.0195312500E+00,+5.0312500000E+00,+2.0106950353E+00
+56.0000E-06,+3.0351562500E+00,+5.0429687500E+00,+2.0060075353E+00
+56.1000E-06,+3.0312500000E+00,+5.0390625000E+00,+2.0079606603E+00
+56.2000E-06,+3.0234375000E+00,+5.0390625000E+00,+2.0138200354E+00
+56.3000E-06,+3.0273437500E+00,+5.0429687500E+00,+2.0153825354E+00
+56.4000E-06,+3.0195312500E+00,+5.0390625000E+00,+2.0185075355E+00
+56.5000E-06,+3.0117187500E+00,+5.0351562500E+00,+2.0216325355E+00
+56.6000E-06,+3.0000000000E+00,+5.0312500000E+00,+2.0302262856E+00
+56.7000E-06,+3.0000000000E+00,+5.0351562500E+00,+2.0329606607E+00
+56.8000E-06,+3.0000000000E+00,+5.0390625000E+00,+2.0353044107E+00
+56.9000E-06,+2.9960937500E+00,+5.0351562500E+00,+2.0403825358E+00
+57.0000E-06,+2.9960937500E+00,+5.0390625000E+00,+2.0431169108E+00
+57.1000E-06,+2.9960937500E+00,+5.0390625000E+00,+2.0431169108E+00
+57.2000E-06,+2.9843750000E+00,+5.0351562500E+00,+2.0509294109E+00
+57.3000E-06,+2.9648437500E+00,+5.0273437500E+00,+2.0614762861E+00
+57.4000E-06,+2.9687500000E+00,+5.0312500000E+00,+2.0606950361E+00
+57.5000E-06,+2.9765625000E+00,+5.0351562500E+00,+2.0599137861E+00
+57.6000E-06,+2.9726562500E+00,+5.0390625000E+00,+2.0642106611E+00
+57.7000E-06,+2.9609375000E+00,+5.0312500000E+00,+2.0712419112E+00
+57.8000E-06,+2.9531250000E+00,+5.0312500000E+00,+2.0778825363E+00
+57.9000E-06,+2.9531250000E+00,+5.0312500000E+00,+2.0802262864E+00
+58.0000E-06,+2.9492187500E+00,+5.0312500000E+00,+2.0829606614E+00
+58.1000E-06,+2.9414062500E+00,+5.0312500000E+00,+2.0880387865E+00
+58.2000E-06,+2.9414062500E+00,+5.0351562500E+00,+2.0919450365E+00
+58.3000E-06,+2.9375000000E+00,+5.0312500000E+00,+2.0919450365E+00
+58.4000E-06,+2.9101562500E+00,+5.0156250000E+00,+2.1063981618E+00
+58.5000E-06,+2.9296875000E+00,+5.0351562500E+00,+2.1071794118E+00
+58.6000E-06,+2.9453125000E+00,+5.0429687500E+00,+2.0954606616E+00
+58.7000E-06,+2.9140625000E+00,+5.0234375000E+00,+2.1091325368E+00
+58.8000E-06,+2.8945312500E+00,+5.0195312500E+00,+2.1228044120E+00
+58.9000E-06,+2.8984375000E+00,+5.0234375000E+00,+2.1231950370E+00
+59.0000E-06,+2.9101562500E+00,+5.0312500000E+00,+2.1208512870E+00
+59.1000E-06,+2.9101562500E+00,+5.0351562500E+00,+2.1228044120E+00
+59.2000E-06,+2.8945312500E+00,+5.0234375000E+00,+2.1290544121E+00
+59.3000E-06,+2.8710937500E+00,+5.0117187500E+00,+2.1415544123E+00
+59.4000E-06,+2.9023437500E+00,+5.0390625000E+00,+2.1356950372E+00
+59.5000E-06,+2.9062500000E+00,+5.0351562500E+00,+2.1298356621E+00
+59.6000E-06,+2.8515625000E+00,+5.0078125000E+00,+2.1560075375E+00
+59.7000E-06,+2.8554687500E+00,+5.0156250000E+00,+2.1603044126E+00
+59.8000E-06,+2.8867187500E+00,+5.0312500000E+00,+2.1454606623E+00
+59.9000E-06,+2.8867187500E+00,+5.0351562500E+00,+2.1470231624E+00
+60.0000E-06,+2.9023437500E+00,+5.1015625000E+00,+2.1985856631E+00
+60.1000E-06,+2.8359375000E+00,+5.0078125000E+00,+2.1728044128E+00
+60.2000E-06,+2.8710937500E+00,+5.0429687500E+00,+2.1716325377E+00
+60.3000E-06,+2.8710937500E+00,+5.0429687500E+00,+2.1696794127E+00
+60.4000E-06,+2.8632812500E+00,+5.0390625000E+00,+2.1763200378E+00
+60.5000E-06,+2.8437500000E+00,+5.0312500000E+00,+2.1856950379E+00
+60.6000E-06,+2.8593750000E+00,+5.0429687500E+00,+2.1825700379E+00
+60.7000E-06,+2.8476562500E+00,+5.0351562500E+00,+2.1868669130E+00
+60.8000E-06,+2.8242187500E+00,+5.0234375000E+00,+2.2013200382E+00
+60.9000E-06,+2.8281250000E+00,+5.0312500000E+00,+2.2044450382E+00
+61.0000E-06,+2.8593750000E+00,+5.0585937500E+00,+2.1989762881E+00
+61.1000E-06,+2.9804687500E+00,+5.1210937500E+00,+2.1423356623E+00
+61.2000E-06,+2.7460937500E+00,+4.9531250000E+00,+2.2079606633E+00
+61.3000E-06,+2.8476562500E+00,+5.0351562500E+00,+2.1837419129E+00
+61.4000E-06,+2.9296875000E+00,+5.0976562500E+00,+2.1696794127E+00
+61.5000E-06,+2.9062500000E+00,+5.0585937500E+00,+2.1536637875E+00
+61.6000E-06,+2.9179687500E+00,+5.0703125000E+00,+2.1485856624E+00
+61.7000E-06,+2.9296875000E+00,+5.0703125000E+00,+2.1423356623E+00
+61.8000E-06,+2.9453125000E+00,+5.0781250000E+00,+2.1302262871E+00
+61.9000E-06,+2.9570312500E+00,+5.0781250000E+00,+2.1181169119E+00
+62.0000E-06,+2.9609375000E+00,+5.0742187500E+00,+2.1138200369E+00
+62.1000E-06,+2.9687500000E+00,+5.0742187500E+00,+2.1052262867E+00
+62.2000E-06,+2.9804687500E+00,+5.0781250000E+00,+2.0958512866E+00
+62.3000E-06,+2.9882812500E+00,+5.0781250000E+00,+2.0880387865E+00
+62.4000E-06,+3.0078125000E+00,+5.0820312500E+00,+2.0774919113E+00
+62.5000E-06,+3.0156250000E+00,+5.0820312500E+00,+2.0681169112E+00
+62.6000E-06,+3.0156250000E+00,+5.0781250000E+00,+2.0646012861E+00
+62.7000E-06,+3.0234375000E+00,+5.0820312500E+00,+2.0575700360E+00
+62.8000E-06,+3.0429687500E+00,+5.0898437500E+00,+2.0470231609E+00
+62.9000E-06,+3.0507812500E+00,+5.0859375000E+00,+2.0356950357E+00
+63.0000E-06,+3.0507812500E+00,+5.0859375000E+00,+2.0341325357E+00
+63.1000E-06,+3.0585937500E+00,+5.0859375000E+00,+2.0267106606E+00
+63.2000E-06,+3.0781250000E+00,+5.0937500000E+00,+2.0130387854E+00
+63.3000E-06,+3.0898437500E+00,+5.0937500000E+00,+2.0009294102E+00
+63.4000E-06,+3.0898437500E+00,+5.0898437500E+00,+2.0001481602E+00
+63.5000E-06,+3.1015625000E+00,+5.0898437500E+00,+1.9903825350E+00
+63.6000E-06,+3.1132812500E+00,+5.0937500000E+00,+1.9794450349E+00
+63.7000E-06,+3.1289062500E+00,+5.0976562500E+00,+1.9685075347E+00
+63.8000E-06,+3.1445312500E+00,+5.1015625000E+00,+1.9567887845E+00
+63.9000E-06,+3.1406250000E+00,+5.0898437500E+00,+1.9509294094E+00
+64.0000E-06,+3.1562500000E+00,+5.0976562500E+00,+1.9403825343E+00
+64.1000E-06,+3.1718750000E+00,+5.1015625000E+00,+1.9278825341E+00
+64.2000E-06,+3.1835937500E+00,+5.1015625000E+00,+1.9192887840E+00
+64.3000E-06,+3.1992187500E+00,+5.1054687500E+00,+1.9067887838E+00
+64.4000E-06,+3.1914062500E+00,+5.0976562500E+00,+1.9048356588E+00
+64.5000E-06,+3.2070312500E+00,+5.1054687500E+00,+1.8981950337E+00
+64.6000E-06,+3.2304687500E+00,+5.1093750000E+00,+1.8774919084E+00
+64.7000E-06,+3.2265625000E+00,+5.1015625000E+00,+1.8751481583E+00
+64.8000E-06,+3.2304687500E+00,+5.1015625000E+00,+1.8720231583E+00
+64.9000E-06,+3.2460937500E+00,+5.1054687500E+00,+1.8591325331E+00
+65.0000E-06,+3.2656250000E+00,+5.1093750000E+00,+1.8458512829E+00
+65.1000E-06,+3.2695312500E+00,+5.1093750000E+00,+1.8368669077E+00
+65.2000E-06,+3.2695312500E+00,+5.1054687500E+00,+1.8360856577E+00
+65.3000E-06,+3.2929687500E+00,+5.1132812500E+00,+1.8212419075E+00
+65.4000E-06,+3.3046875000E+00,+5.1132812500E+00,+1.8091325323E+00
+65.5000E-06,+3.3085937500E+00,+5.1132812500E+00,+1.8044450323E+00
+65.6000E-06,+3.3085937500E+00,+5.1054687500E+00,+1.7970231572E+00
+65.7000E-06,+3.3203125000E+00,+5.1132812500E+00,+1.7892106570E+00
+65.8000E-06,+3.3437500000E+00,+5.1210937500E+00,+1.7767106568E+00
+65.9000E-06,+3.3515625000E+00,+5.1171875000E+00,+1.7653825317E+00
+66.0000E-06,+3.3476562500E+00,+5.1171875000E+00,+1.7665544067E+00
+66.1000E-06,+3.3554687500E+00,+5.1171875000E+00,+1.7595231566E+00
+66.2000E-06,+3.3750000000E+00,+5.1210937500E+00,+1.7474137814E+00
+66.3000E-06,+3.3828125000E+00,+5.1210937500E+00,+1.7388200313E+00
+66.4000E-06,+3.3789062500E+00,+5.1171875000E+00,+1.7372575313E+00
+66.5000E-06,+3.3945312500E+00,+5.1210937500E+00,+1.7274919061E+00
+66.6000E-06,+3.4023437500E+00,+5.1210937500E+00,+1.7188981560E+00
+66.7000E-06,+3.4140625000E+00,+5.1250000000E+00,+1.7118669059E+00
+66.8000E-06,+3.4179687500E+00,+5.1250000000E+00,+1.7091325308E+00
+66.9000E-06,+3.4101562500E+00,+5.1171875000E+00,+1.7060075308E+00
+67.0000E-06,+3.4218750000E+00,+5.1210937500E+00,+1.6993669057E+00
+67.1000E-06,+3.4375000000E+00,+5.1250000000E+00,+1.6896012806E+00
+67.2000E-06,+3.4492187500E+00,+5.1328125000E+00,+1.6833512805E+00
+67.3000E-06,+3.4531250000E+00,+5.1328125000E+00,+1.6767106554E+00
+67.4000E-06,+3.4492187500E+00,+5.1210937500E+00,+1.6739762803E+00
+67.5000E-06,+3.4570312500E+00,+5.1289062500E+00,+1.6696794053E+00
+67.6000E-06,+3.4648437500E+00,+5.1289062500E+00,+1.6622575301E+00
+67.7000E-06,+3.4843750000E+00,+5.1367187500E+00,+1.6505387800E+00
+67.8000E-06,+3.4882812500E+00,+5.1328125000E+00,+1.6435075299E+00
+67.9000E-06,+3.4882812500E+00,+5.1328125000E+00,+1.6442887799E+00
+68.0000E-06,+3.5039062500E+00,+5.1367187500E+00,+1.6349137797E+00
+68.1000E-06,+3.5078125000E+00,+5.1367187500E+00,+1.6290544046E+00
+68.2000E-06,+3.5039062500E+00,+5.1328125000E+00,+1.6259294046E+00
+68.3000E-06,+3.5117187500E+00,+5.1328125000E+00,+1.6224137796E+00
+68.4000E-06,+3.5234375000E+00,+5.1406250000E+00,+1.6134294044E+00
+68.5000E-06,+3.5429687500E+00,+5.1445312500E+00,+1.6013200292E+00
+68.6000E-06,+3.5507812500E+00,+5.1445312500E+00,+1.5927262791E+00
+68.7000E-06,+3.5273437500E+00,+5.1250000000E+00,+1.5993669042E+00
+68.8000E-06,+3.5234375000E+00,+5.1250000000E+00,+1.6017106542E+00
+68.9000E-06,+3.5859375000E+00,+5.1562500000E+00,+1.5712419038E+00
+69.0000E-06,+3.5937500000E+00,+5.1523437500E+00,+1.5560075286E+00
+69.1000E-06,+3.5664062500E+00,+5.1367187500E+00,+1.5704606538E+00
+69.2000E-06,+3.5625000000E+00,+5.1328125000E+00,+1.5712419038E+00
+69.3000E-06,+3.5820312500E+00,+5.1406250000E+00,+1.5591325286E+00
+69.4000E-06,+3.6054687500E+00,+5.1484375000E+00,+1.5458512784E+00
+69.5000E-06,+3.6054687500E+00,+5.1445312500E+00,+1.5411637783E+00
+69.6000E-06,+3.6015625000E+00,+5.1445312500E+00,+1.5407731533E+00
+69.7000E-06,+3.5976562500E+00,+5.1367187500E+00,+1.5396012783E+00
+69.8000E-06,+3.6367187500E+00,+5.1601562500E+00,+1.5228044031E+00
+69.9000E-06,+3.6484375000E+00,+5.1562500000E+00,+1.5087419029E+00
+70.0000E-06,+3.6015625000E+00,+5.1289062500E+00,+1.5294450282E+00
+70.1000E-06,+3.6132812500E+00,+5.1406250000E+00,+1.5251481531E+00
+70.2000E-06,+3.6679687500E+00,+5.1640625000E+00,+1.4938981526E+00
+70.3000E-06,+3.6640625000E+00,+5.1523437500E+00,+1.4888200276E+00
+70.4000E-06,+3.6484375000E+00,+5.1484375000E+00,+1.4966325277E+00
+70.5000E-06,+3.6484375000E+00,+5.1445312500E+00,+1.4966325277E+00
+70.6000E-06,+3.6718750000E+00,+5.1601562500E+00,+1.4860856525E+00
+70.7000E-06,+3.6914062500E+00,+5.1601562500E+00,+1.4716325273E+00
+70.8000E-06,+3.6640625000E+00,+5.1406250000E+00,+1.4790544024E+00
+70.9000E-06,+3.6679687500E+00,+5.1484375000E+00,+1.4790544024E+00
+71.0000E-06,+3.6992187500E+00,+5.1601562500E+00,+1.4638200272E+00
+71.1000E-06,+3.7031250000E+00,+5.1601562500E+00,+1.4571794021E+00
+71.2000E-06,+3.7031250000E+00,+5.1601562500E+00,+1.4571794021E+00
+71.3000E-06,+3.6953125000E+00,+5.1523437500E+00,+1.4567887771E+00
+71.4000E-06,+3.7031250000E+00,+5.1562500000E+00,+1.4521012770E+00
+71.5000E-06,+3.7148437500E+00,+5.1601562500E+00,+1.4431169019E+00
+71.6000E-06,+3.7226562500E+00,+5.1601562500E+00,+1.4372575268E+00
+71.7000E-06,+3.7265625000E+00,+5.1562500000E+00,+1.4333512767E+00
+71.8000E-06,+3.7304687500E+00,+5.1601562500E+00,+1.4282731517E+00
+71.9000E-06,+3.7500000000E+00,+5.1679687500E+00,+1.4173356515E+00
+72.0000E-06,+3.7500000000E+00,+5.1640625000E+00,+1.4138200264E+00
+72.1000E-06,+3.7382812500E+00,+5.1523437500E+00,+1.4173356515E+00
+72.2000E-06,+3.7500000000E+00,+5.1601562500E+00,+1.4095231514E+00
+72.3000E-06,+3.7695312500E+00,+5.1679687500E+00,+1.3978044012E+00
+72.4000E-06,+3.7734375000E+00,+5.1679687500E+00,+1.3915544011E+00
+72.5000E-06,+3.7773437500E+00,+5.1640625000E+00,+1.3892106511E+00
+72.6000E-06,+3.7734375000E+00,+5.1640625000E+00,+1.3880387761E+00
+72.7000E-06,+3.7890625000E+00,+5.1679687500E+00,+1.3810075260E+00
+72.8000E-06,+3.7929687500E+00,+5.1679687500E+00,+1.3735856508E+00
+72.9000E-06,+3.7890625000E+00,+5.1601562500E+00,+1.3731950258E+00
+73.0000E-06,+3.7968750000E+00,+5.1640625000E+00,+1.3688981508E+00
+73.1000E-06,+3.8085937500E+00,+5.1718750000E+00,+1.3618669007E+00
+73.2000E-06,+3.8203125000E+00,+5.1757812500E+00,+1.3548356506E+00
+73.3000E-06,+3.8164062500E+00,+5.1718750000E+00,+1.3528825255E+00
+73.4000E-06,+3.8125000000E+00,+5.1640625000E+00,+1.3528825255E+00
+73.5000E-06,+3.8203125000E+00,+5.1679687500E+00,+1.3474137755E+00
+73.6000E-06,+3.8320312500E+00,+5.1718750000E+00,+1.3403825253E+00
+73.7000E-06,+3.8281250000E+00,+5.1679687500E+00,+1.3384294003E+00
+73.8000E-06,+3.8359375000E+00,+5.1718750000E+00,+1.3337419002E+00
+73.9000E-06,+3.8476562500E+00,+5.1757812500E+00,+1.3286637752E+00
+74.0000E-06,+3.8593750000E+00,+5.1796875000E+00,+1.3196794000E+00
+74.1000E-06,+3.8515625000E+00,+5.1679687500E+00,+1.3177262750E+00
+74.2000E-06,+3.8437500000E+00,+5.1640625000E+00,+1.3224137751E+00
+74.3000E-06,+3.8632812500E+00,+5.1757812500E+00,+1.3138200250E+00
+74.4000E-06,+3.8789062500E+00,+5.1796875000E+00,+1.2997575247E+00
+74.5000E-06,+3.8828125000E+00,+5.1796875000E+00,+1.2966325247E+00
+74.6000E-06,+3.8750000000E+00,+5.1718750000E+00,+1.2970231497E+00
+74.7000E-06,+3.8789062500E+00,+5.1718750000E+00,+1.2935075246E+00
+74.8000E-06,+3.8906250000E+00,+5.1757812500E+00,+1.2837418995E+00
+74.9000E-06,+3.8945312500E+00,+5.1757812500E+00,+1.2825700245E+00
+75.0000E-06,+3.8984375000E+00,+5.1757812500E+00,+1.2778825244E+00
+75.1000E-06,+3.9179687500E+00,+5.1835937500E+00,+1.2653825242E+00
+75.2000E-06,+3.9218750000E+00,+5.1835937500E+00,+1.2610856492E+00
+75.3000E-06,+3.9140625000E+00,+5.1757812500E+00,+1.2603043992E+00
+75.4000E-06,+3.9296875000E+00,+5.1796875000E+00,+1.2493668990E+00
+75.5000E-06,+3.9335937500E+00,+5.1757812500E+00,+1.2446793989E+00
+75.6000E-06,+3.9414062500E+00,+5.1796875000E+00,+1.2384293988E+00
+75.7000E-06,+3.9414062500E+00,+5.1796875000E+00,+1.2360856488E+00
+75.8000E-06,+3.9492187500E+00,+5.1796875000E+00,+1.2313981487E+00
+75.9000E-06,+3.9882812500E+00,+5.1953125000E+00,+1.2083512734E+00
+76.0000E-06,+3.9687500000E+00,+5.1796875000E+00,+1.2118668984E+00
+76.1000E-06,+3.9414062500E+00,+5.1679687500E+00,+1.2243668986E+00
+76.2000E-06,+3.9843750000E+00,+5.1875000000E+00,+1.2024918983E+00
+76.3000E-06,+4.0000000000E+00,+5.1875000000E+00,+1.1892106481E+00
+76.4000E-06,+3.9921875000E+00,+5.1835937500E+00,+1.1915543981E+00
+76.5000E-06,+3.9921875000E+00,+5.1835937500E+00,+1.1915543981E+00
+76.6000E-06,+3.9960937500E+00,+5.1796875000E+00,+1.1868668981E+00
+76.7000E-06,+4.0117187500E+00,+5.1875000000E+00,+1.1759293979E+00
+76.8000E-06,+4.0234375000E+00,+5.1875000000E+00,+1.1657731477E+00
+76.9000E-06,+4.0234375000E+00,+5.1875000000E+00,+1.1630387727E+00
+77.0000E-06,+4.0195312500E+00,+5.1835937500E+00,+1.1622575227E+00
+77.1000E-06,+4.0546875000E+00,+5.1992187500E+00,+1.1454606474E+00
+77.2000E-06,+4.0546875000E+00,+5.1914062500E+00,+1.1388200223E+00
+77.3000E-06,+4.0351562500E+00,+5.1796875000E+00,+1.1466325225E+00
+77.4000E-06,+4.0546875000E+00,+5.1875000000E+00,+1.1360856473E+00
+77.5000E-06,+4.0781250000E+00,+5.1953125000E+00,+1.1169450220E+00
+77.6000E-06,+4.0781250000E+00,+5.1914062500E+00,+1.1126481470E+00
+77.7000E-06,+4.0781250000E+00,+5.1875000000E+00,+1.1106950219E+00
+77.8000E-06,+4.0937500000E+00,+5.1953125000E+00,+1.1024918968E+00
+77.9000E-06,+4.1054687500E+00,+5.1992187500E+00,+1.0911637716E+00
+78.0000E-06,+4.0937500000E+00,+5.1875000000E+00,+1.0935075217E+00
+78.1000E-06,+4.0898437500E+00,+5.1875000000E+00,+1.0970231467E+00
+78.2000E-06,+4.1132812500E+00,+5.1953125000E+00,+1.0806168965E+00
+78.3000E-06,+4.1250000000E+00,+5.1953125000E+00,+1.0708512713E+00
+78.4000E-06,+4.1250000000E+00,+5.1953125000E+00,+1.0700700213E+00
+78.5000E-06,+4.1289062500E+00,+5.1953125000E+00,+1.0649918962E+00
+78.6000E-06,+4.1367187500E+00,+5.1992187500E+00,+1.0610856462E+00
+78.7000E-06,+4.1445312500E+00,+5.1992187500E+00,+1.0552262711E+00
+78.8000E-06,+4.1445312500E+00,+5.1953125000E+00,+1.0513200210E+00
+78.9000E-06,+4.1523437500E+00,+5.1992187500E+00,+1.0470231460E+00
+79.0000E-06,+4.1523437500E+00,+5.1953125000E+00,+1.0419450209E+00
+79.1000E-06,+4.1640625000E+00,+5.2031250000E+00,+1.0368668958E+00
+79.2000E-06,+4.1796875000E+00,+5.2070312500E+00,+1.0271012707E+00
+79.3000E-06,+4.1757812500E+00,+5.1992187500E+00,+1.0251481457E+00
+79.4000E-06,+4.1640625000E+00,+5.1914062500E+00,+1.0282731457E+00
+79.5000E-06,+4.1757812500E+00,+5.1992187500E+00,+1.0216325206E+00
+79.6000E-06,+4.1992187500E+00,+5.2070312500E+00,+1.0095231454E+00
+79.7000E-06,+4.1953125000E+00,+5.2031250000E+00,+1.0056168954E+00
+79.8000E-06,+4.1757812500E+00,+5.1914062500E+00,+1.0142106455E+00
+79.9000E-06,+4.1875000000E+00,+5.1992187500E+00,+1.0091325204E+00
+80.0000E-06,+3.8906250000E+00,+4.9531250000E+00,+1.0618668962E+00
+80.1000E-06,+4.3125000000E+00,+5.3320312500E+00,+1.0192887706E+00
+80.2000E-06,+4.1289062500E+00,+5.1679687500E+00,+1.0407731459E+00
+80.3000E-06,+4.0859375000E+00,+5.1171875000E+00,+1.0306168957E+00
+80.4000E-06,+4.1093750000E+00,+5.1523437500E+00,+1.0427262709E+00
+80.5000E-06,+4.0625000000E+00,+5.1250000000E+00,+1.0638200212E+00
+80.6000E-06,+4.0976562500E+00,+5.1562500000E+00,+1.0567887711E+00
+80.7000E-06,+4.0976562500E+00,+5.1523437500E+00,+1.0556168961E+00
+80.8000E-06,+4.0351562500E+00,+5.1328125000E+00,+1.0954606467E+00
+80.9000E-06,+4.0312500000E+00,+5.1367187500E+00,+1.1036637718E+00
+81.0000E-06,+4.0195312500E+00,+5.1328125000E+00,+1.1157731470E+00
+81.1000E-06,+4.0039062500E+00,+5.1328125000E+00,+1.1294450222E+00
+81.2000E-06,+4.0000000000E+00,+5.1367187500E+00,+1.1353043973E+00
+81.3000E-06,+3.9882812500E+00,+5.1328125000E+00,+1.1450700224E+00
+81.4000E-06,+3.9648437500E+00,+5.1250000000E+00,+1.1599137727E+00
+81.5000E-06,+3.9765625000E+00,+5.1367187500E+00,+1.1634293977E+00
+81.6000E-06,+3.9804687500E+00,+5.1406250000E+00,+1.1626481477E+00
+81.7000E-06,+3.9140625000E+00,+5.1093750000E+00,+1.1958512732E+00
+81.8000E-06,+3.8984375000E+00,+5.1132812500E+00,+1.2130387735E+00
+81.9000E-06,+3.9296875000E+00,+5.1328125000E+00,+1.2021012733E+00
+82.0000E-06,+3.9296875000E+00,+5.1328125000E+00,+1.2048356483E+00
+82.1000E-06,+3.9179687500E+00,+5.1328125000E+00,+1.2146012735E+00
+82.2000E-06,+3.8750000000E+00,+5.1093750000E+00,+1.2356950238E+00
+82.3000E-06,+3.8710937500E+00,+5.1171875000E+00,+1.2470231490E+00
+82.4000E-06,+3.8945312500E+00,+5.1289062500E+00,+1.2360856488E+00
+82.5000E-06,+3.8632812500E+00,+5.1132812500E+00,+1.2513200240E+00
+82.6000E-06,+3.8398437500E+00,+5.1093750000E+00,+1.2688981493E+00
+82.7000E-06,+3.8476562500E+00,+5.1132812500E+00,+1.2681168993E+00
+82.8000E-06,+3.8554687500E+00,+5.1210937500E+00,+1.2669450243E+00
+82.9000E-06,+3.8476562500E+00,+5.1210937500E+00,+1.2743668994E+00
+83.0000E-06,+3.8203125000E+00,+5.1093750000E+00,+1.2864762745E+00
+83.1000E-06,+3.8125000000E+00,+5.1054687500E+00,+1.2946793997E+00
+83.2000E-06,+3.8125000000E+00,+5.1093750000E+00,+1.2985856497E+00
+83.3000E-06,+3.8125000000E+00,+5.1132812500E+00,+1.3005387748E+00
+83.4000E-06,+3.8085937500E+00,+5.1132812500E+00,+1.3063981498E+00
+83.5000E-06,+3.7851562500E+00,+5.1054687500E+00,+1.3188981500E+00
+83.6000E-06,+3.7812500000E+00,+5.1054687500E+00,+1.3251481501E+00
+83.7000E-06,+3.7890625000E+00,+5.1132812500E+00,+1.3259294001E+00
+83.8000E-06,+3.7773437500E+00,+5.1054687500E+00,+1.3294450252E+00
+83.9000E-06,+3.7500000000E+00,+5.0976562500E+00,+1.3466325254E+00
+84.0000E-06,+3.7421875000E+00,+5.0976562500E+00,+1.3536637755E+00
+84.1000E-06,+3.7539062500E+00,+5.1054687500E+00,+1.3536637755E+00
+84.2000E-06,+3.7500000000E+00,+5.1054687500E+00,+1.3579606506E+00
+84.3000E-06,+3.7343750000E+00,+5.1015625000E+00,+1.3657731507E+00
+84.4000E-06,+3.7304687500E+00,+5.1054687500E+00,+1.3731950258E+00
+84.5000E-06,+3.7031250000E+00,+5.0898437500E+00,+1.3845231510E+00
+84.6000E-06,+3.6875000000E+00,+5.0859375000E+00,+1.4005387762E+00
+84.7000E-06,+3.7265625000E+00,+5.1132812500E+00,+1.3860856510E+00
+84.8000E-06,+3.7187500000E+00,+5.1054687500E+00,+1.3864762760E+00
+84.9000E-06,+3.6875000000E+00,+5.0976562500E+00,+1.4075700263E+00
+85.0000E-06,+3.6718750000E+00,+5.0898437500E+00,+1.4173356515E+00
+85.1000E-06,+3.6718750000E+00,+5.0898437500E+00,+1.4188981515E+00
+85.2000E-06,+3.6796875000E+00,+5.0976562500E+00,+1.4196794015E+00
+85.3000E-06,+3.6718750000E+00,+5.0937500000E+00,+1.4235856516E+00
+85.4000E-06,+3.6484375000E+00,+5.0859375000E+00,+1.4368669018E+00
+85.5000E-06,+3.6406250000E+00,+5.0859375000E+00,+1.4458512769E+00
+85.6000E-06,+3.6796875000E+00,+5.1132812500E+00,+1.4333512767E+00
+85.7000E-06,+3.6718750000E+00,+5.1054687500E+00,+1.4337419017E+00
+85.8000E-06,+3.5937500000E+00,+5.0664062500E+00,+1.4708512773E+00
+85.9000E-06,+3.5898437500E+00,+5.0742187500E+00,+1.4829606525E+00
+86.0000E-06,+3.6367187500E+00,+5.0976562500E+00,+1.4618669022E+00
+86.1000E-06,+3.6367187500E+00,+5.0976562500E+00,+1.4626481522E+00
+86.2000E-06,+3.6171875000E+00,+5.0937500000E+00,+1.4782731524E+00
+86.3000E-06,+3.5781250000E+00,+5.0742187500E+00,+1.4962419027E+00
+86.4000E-06,+3.6015625000E+00,+5.0937500000E+00,+1.4942887776E+00
+86.5000E-06,+3.6132812500E+00,+5.1015625000E+00,+1.4868669025E+00
+86.6000E-06,+3.5585937500E+00,+5.0703125000E+00,+1.5114762779E+00
+86.7000E-06,+3.5390625000E+00,+5.0664062500E+00,+1.5286637782E+00
+86.8000E-06,+3.5820312500E+00,+5.0937500000E+00,+1.5130387779E+00
+86.9000E-06,+3.5976562500E+00,+5.1015625000E+00,+1.5044450278E+00
+87.0000E-06,+3.5664062500E+00,+5.0859375000E+00,+1.5228044031E+00
+87.1000E-06,+3.5312500000E+00,+5.0703125000E+00,+1.5423356534E+00
+87.2000E-06,+3.5273437500E+00,+5.0742187500E+00,+1.5481950284E+00
+87.3000E-06,+3.5351562500E+00,+5.0820312500E+00,+1.5462419034E+00
+87.4000E-06,+3.5312500000E+00,+5.0820312500E+00,+1.5497575285E+00
+87.5000E-06,+3.5195312500E+00,+5.0781250000E+00,+1.5587419036E+00
+87.6000E-06,+3.5195312500E+00,+5.0820312500E+00,+1.5606950286E+00
+87.7000E-06,+3.5273437500E+00,+5.0898437500E+00,+1.5626481537E+00
+87.8000E-06,+3.5156250000E+00,+5.0820312500E+00,+1.5669450287E+00
+87.9000E-06,+3.4687500000E+00,+5.0625000000E+00,+1.5899919041E+00
+88.0000E-06,+3.4648437500E+00,+5.0625000000E+00,+1.5985856542E+00
+88.1000E-06,+3.5039062500E+00,+5.0859375000E+00,+1.5825700290E+00
+88.2000E-06,+3.5039062500E+00,+5.0859375000E+00,+1.5810075289E+00
+88.3000E-06,+3.4687500000E+00,+5.0703125000E+00,+1.6021012792E+00
+88.4000E-06,+3.4570312500E+00,+5.0703125000E+00,+1.6142106544E+00
+88.5000E-06,+3.4765625000E+00,+5.0820312500E+00,+1.6071794043E+00
+88.6000E-06,+3.4609375000E+00,+5.0742187500E+00,+1.6130387794E+00
+88.7000E-06,+3.4335937500E+00,+5.0625000000E+00,+1.6306169047E+00
+88.8000E-06,+3.4375000000E+00,+5.0703125000E+00,+1.6325700297E+00
+88.9000E-06,+3.4531250000E+00,+5.0781250000E+00,+1.6271012796E+00
+89.0000E-06,+3.4414062500E+00,+5.0742187500E+00,+1.6325700297E+00
+89.1000E-06,+3.4257812500E+00,+5.0703125000E+00,+1.6427262799E+00
+89.2000E-06,+3.4140625000E+00,+5.0664062500E+00,+1.6493669050E+00
+89.3000E-06,+3.4218750000E+00,+5.0742187500E+00,+1.6485856549E+00
+89.4000E-06,+3.4179687500E+00,+5.0703125000E+00,+1.6524919050E+00
+89.5000E-06,+3.4023437500E+00,+5.0664062500E+00,+1.6626481552E+00
+89.6000E-06,+3.3984375000E+00,+5.0703125000E+00,+1.6681169052E+00
+89.7000E-06,+3.4023437500E+00,+5.0703125000E+00,+1.6669450302E+00
+89.8000E-06,+3.3906250000E+00,+5.0664062500E+00,+1.6747575303E+00
+89.9000E-06,+3.3867187500E+00,+5.0664062500E+00,+1.6806169054E+00
+90.0000E-06,+3.3710937500E+00,+5.0625000000E+00,+1.6903825306E+00
+90.1000E-06,+3.3750000000E+00,+5.0664062500E+00,+1.6911637806E+00
+90.2000E-06,+3.3710937500E+00,+5.0664062500E+00,+1.6966325307E+00
+90.3000E-06,+3.3554687500E+00,+5.0625000000E+00,+1.7071794058E+00
+90.4000E-06,+3.3593750000E+00,+5.0664062500E+00,+1.7091325308E+00
+90.5000E-06,+3.3398437500E+00,+5.0585937500E+00,+1.7177262810E+00
+90.6000E-06,+3.3359375000E+00,+5.0625000000E+00,+1.7263200311E+00
+90.7000E-06,+3.3437500000E+00,+5.0664062500E+00,+1.7235856561E+00
+90.8000E-06,+3.3359375000E+00,+5.0625000000E+00,+1.7274919061E+00
+90.9000E-06,+3.3242187500E+00,+5.0625000000E+00,+1.7384294063E+00
+91.0000E-06,+3.3046875000E+00,+5.0546875000E+00,+1.7493669064E+00
+91.1000E-06,+3.3046875000E+00,+5.0585937500E+00,+1.7517106565E+00
+91.2000E-06,+3.3085937500E+00,+5.0625000000E+00,+1.7521012815E+00
+91.3000E-06,+3.3085937500E+00,+5.0625000000E+00,+1.7571794066E+00
+91.4000E-06,+3.2890625000E+00,+5.0585937500E+00,+1.7692887817E+00
+91.5000E-06,+3.2617187500E+00,+5.0468750000E+00,+1.7853044070E+00
+91.6000E-06,+3.2734375000E+00,+5.0585937500E+00,+1.7845231570E+00
+91.7000E-06,+3.2968750000E+00,+5.0703125000E+00,+1.7731950318E+00
+91.8000E-06,+3.2656250000E+00,+5.0546875000E+00,+1.7884294070E+00
+91.9000E-06,+3.2343750000E+00,+5.0429687500E+00,+1.8114762824E+00
+92.0000E-06,+3.2500000000E+00,+5.0546875000E+00,+1.8071794073E+00
+92.1000E-06,+3.2578125000E+00,+5.0585937500E+00,+1.8017106572E+00
+92.2000E-06,+3.2421875000E+00,+5.0546875000E+00,+1.8130387824E+00
+92.3000E-06,+3.2265625000E+00,+5.0507812500E+00,+1.8251481576E+00
+92.4000E-06,+3.2265625000E+00,+5.0546875000E+00,+1.8271012826E+00
+92.5000E-06,+3.2265625000E+00,+5.0546875000E+00,+1.8278825326E+00
+92.6000E-06,+3.2265625000E+00,+5.0625000000E+00,+1.8356950327E+00
+92.7000E-06,+3.2070312500E+00,+5.0507812500E+00,+1.8415544078E+00
+92.8000E-06,+3.1875000000E+00,+5.0429687500E+00,+1.8563981580E+00
+92.9000E-06,+3.1992187500E+00,+5.0546875000E+00,+1.8528825330E+00
+93.0000E-06,+3.2031250000E+00,+5.0585937500E+00,+1.8544450330E+00
+93.1000E-06,+3.1875000000E+00,+5.0507812500E+00,+1.8642106582E+00
+93.2000E-06,+3.1718750000E+00,+5.0468750000E+00,+1.8755387833E+00
+93.3000E-06,+3.1718750000E+00,+5.0507812500E+00,+1.8774919084E+00
+93.4000E-06,+3.1718750000E+00,+5.0507812500E+00,+1.8786637834E+00
+93.5000E-06,+3.1718750000E+00,+5.0546875000E+00,+1.8817887834E+00
+93.6000E-06,+3.1484375000E+00,+5.0429687500E+00,+1.8942887836E+00
+93.7000E-06,+3.1289062500E+00,+5.0390625000E+00,+1.9099137838E+00
+93.8000E-06,+3.1640625000E+00,+5.0625000000E+00,+1.8966325336E+00
+93.9000E-06,+3.1523437500E+00,+5.0546875000E+00,+1.9017106587E+00
+94.0000E-06,+3.1289062500E+00,+5.0468750000E+00,+1.9157731589E+00
+94.1000E-06,+3.1171875000E+00,+5.0390625000E+00,+1.9224137840E+00
+94.2000E-06,+3.1132812500E+00,+5.0429687500E+00,+1.9274919091E+00
+94.3000E-06,+3.1171875000E+00,+5.0468750000E+00,+1.9298356591E+00
+94.4000E-06,+3.1132812500E+00,+5.0468750000E+00,+1.9333512842E+00
+94.5000E-06,+3.1093750000E+00,+5.0468750000E+00,+1.9392106593E+00
+94.6000E-06,+3.0898437500E+00,+5.0351562500E+00,+1.9458512844E+00
+94.7000E-06,+3.1132812500E+00,+5.0585937500E+00,+1.9442887843E+00
+94.8000E-06,+3.1250000000E+00,+5.0585937500E+00,+1.9345231592E+00
+94.9000E-06,+3.0429687500E+00,+5.0195312500E+00,+1.9759294098E+00
+95.0000E-06,+3.0390625000E+00,+5.0234375000E+00,+1.9860856600E+00
+95.1000E-06,+3.0820312500E+00,+5.0468750000E+00,+1.9653825347E+00
+95.2000E-06,+3.1015625000E+00,+5.0585937500E+00,+1.9579606596E+00
+95.3000E-06,+3.0820312500E+00,+5.0507812500E+00,+1.9685075347E+00
+95.4000E-06,+3.0429687500E+00,+5.0312500000E+00,+1.9888200350E+00
+95.5000E-06,+3.0507812500E+00,+5.0429687500E+00,+1.9911637850E+00
+95.6000E-06,+3.0546875000E+00,+5.0429687500E+00,+1.9860856600E+00
+95.7000E-06,+3.0273437500E+00,+5.0273437500E+00,+2.0017106602E+00
+95.8000E-06,+3.0312500000E+00,+5.0351562500E+00,+2.0021012852E+00
+95.9000E-06,+3.0429687500E+00,+5.0429687500E+00,+1.9993669102E+00
+96.0000E-06,+3.0585937500E+00,+5.0546875000E+00,+1.9946794101E+00
+96.1000E-06,+3.0390625000E+00,+5.0429687500E+00,+2.0036637852E+00
+96.2000E-06,+3.0117187500E+00,+5.0312500000E+00,+2.0192887855E+00
+96.3000E-06,+3.0078125000E+00,+5.0312500000E+00,+2.0235856605E+00
+96.4000E-06,+3.0117187500E+00,+5.0351562500E+00,+2.0216325355E+00
+96.5000E-06,+3.0195312500E+00,+5.0429687500E+00,+2.0231950355E+00
+96.6000E-06,+3.0117187500E+00,+5.0390625000E+00,+2.0271012856E+00
+96.7000E-06,+3.0078125000E+00,+5.0390625000E+00,+2.0321794107E+00
+96.8000E-06,+3.0117187500E+00,+5.0429687500E+00,+2.0317887857E+00
+96.9000E-06,+2.9882812500E+00,+5.0273437500E+00,+2.0415544108E+00
+97.0000E-06,+2.9843750000E+00,+5.0312500000E+00,+2.0489762859E+00
+97.1000E-06,+2.9921875000E+00,+5.0390625000E+00,+2.0446794108E+00
+97.2000E-06,+2.9843750000E+00,+5.0312500000E+00,+2.0489762859E+00
+97.3000E-06,+2.9765625000E+00,+5.0351562500E+00,+2.0583512860E+00
+97.4000E-06,+2.9765625000E+00,+5.0351562500E+00,+2.0591325361E+00
+97.5000E-06,+2.9726562500E+00,+5.0351562500E+00,+2.0634294111E+00
+97.6000E-06,+2.9687500000E+00,+5.0351562500E+00,+2.0661637862E+00
+97.7000E-06,+2.9570312500E+00,+5.0273437500E+00,+2.0728044113E+00
+97.8000E-06,+2.9609375000E+00,+5.0351562500E+00,+2.0755387863E+00
+97.9000E-06,+2.9609375000E+00,+5.0351562500E+00,+2.0763200363E+00
+98.0000E-06,+2.9296875000E+00,+5.0195312500E+00,+2.0907731615E+00
+98.1000E-06,+2.9257812500E+00,+5.0273437500E+00,+2.0997575367E+00
+98.2000E-06,+2.9687500000E+00,+5.0468750000E+00,+2.0802262864E+00
+98.3000E-06,+2.9570312500E+00,+5.0390625000E+00,+2.0825700364E+00
+98.4000E-06,+2.9218750000E+00,+5.0234375000E+00,+2.1005387867E+00
+98.5000E-06,+2.8984375000E+00,+5.0156250000E+00,+2.1165544119E+00
+98.6000E-06,+2.9179687500E+00,+5.0273437500E+00,+2.1095231618E+00
+98.7000E-06,+2.9296875000E+00,+5.0351562500E+00,+2.1044450367E+00
+98.8000E-06,+2.9179687500E+00,+5.0312500000E+00,+2.1110856618E+00
+98.9000E-06,+2.9023437500E+00,+5.0234375000E+00,+2.1224137870E+00
+99.0000E-06,+2.8867187500E+00,+5.0195312500E+00,+2.1310075371E+00
+99.1000E-06,+2.9414062500E+00,+5.0546875000E+00,+2.1126481619E+00
+99.2000E-06,+2.9101562500E+00,+5.0273437500E+00,+2.1192887870E+00
+99.3000E-06,+2.8398437500E+00,+5.0000000000E+00,+2.1583512875E+00
+99.4000E-06,+2.8671875000E+00,+5.0195312500E+00,+2.1517106624E+00
+99.5000E-06,+2.9023437500E+00,+5.0351562500E+00,+2.1325700372E+00
+99.6000E-06,+2.9062500000E+00,+5.0390625000E+00,+2.1321794121E+00
+99.7000E-06,+2.8750000000E+00,+5.0234375000E+00,+2.1466325374E+00
+99.8000E-06,+2.8437500000E+00,+5.0117187500E+00,+2.1669450377E+00
+99.9000E-06,+2.8828125000E+00,+5.0390625000E+00,+2.1540544125E+00
+100.0000E-06,+2.9218750000E+00,+5.1093750000E+00,+2.1880387880E+00
+100.1000E-06,+2.8398437500E+00,+5.0117187500E+00,+2.1708512877E+00
+100.2000E-06,+2.8554687500E+00,+5.0351562500E+00,+2.1774919128E+00
+100.3000E-06,+2.8671875000E+00,+5.0429687500E+00,+2.1771012878E+00
+100.4000E-06,+2.8867187500E+00,+5.0507812500E+00,+2.1649919126E+00
+100.5000E-06,+2.8593750000E+00,+5.0390625000E+00,+2.1774919128E+00
+100.6000E-06,+2.8320312500E+00,+5.0273437500E+00,+2.1962419131E+00
+100.7000E-06,+2.8359375000E+00,+5.0351562500E+00,+2.1958512881E+00
+100.8000E-06,+2.8437500000E+00,+5.0351562500E+00,+2.1931169131E+00
+100.9000E-06,+2.8398437500E+00,+5.0390625000E+00,+2.1974137881E+00
+101.0000E-06,+2.8515625000E+00,+5.0546875000E+00,+2.2028825382E+00
+101.1000E-06,+2.9765625000E+00,+5.1210937500E+00,+2.1450700373E+00
+101.2000E-06,+2.7500000000E+00,+4.9570312500E+00,+2.2067887883E+00
+101.3000E-06,+2.8515625000E+00,+5.0351562500E+00,+2.1821794129E+00
+101.4000E-06,+2.9179687500E+00,+5.0937500000E+00,+2.1735856628E+00
+101.5000E-06,+2.9101562500E+00,+5.0625000000E+00,+2.1532731625E+00
+101.6000E-06,+2.9296875000E+00,+5.0742187500E+00,+2.1454606623E+00
+101.7000E-06,+2.9257812500E+00,+5.0664062500E+00,+2.1423356623E+00
+101.8000E-06,+2.9414062500E+00,+5.0742187500E+00,+2.1310075371E+00
+101.9000E-06,+2.9687500000E+00,+5.0820312500E+00,+2.1149919119E+00
+102.0000E-06,+2.9609375000E+00,+5.0703125000E+00,+2.1110856618E+00
+102.1000E-06,+2.9492187500E+00,+5.0625000000E+00,+2.1153825369E+00
+102.2000E-06,+2.9921875000E+00,+5.0859375000E+00,+2.0942887866E+00
+102.3000E-06,+3.0117187500E+00,+5.0859375000E+00,+2.0759294113E+00
+102.4000E-06,+2.9960937500E+00,+5.0781250000E+00,+2.0790544114E+00
+102.5000E-06,+3.0039062500E+00,+5.0781250000E+00,+2.0743669113E+00
+102.6000E-06,+3.0234375000E+00,+5.0859375000E+00,+2.0622575361E+00
+102.7000E-06,+3.0390625000E+00,+5.0898437500E+00,+2.0509294109E+00
+102.8000E-06,+3.0390625000E+00,+5.0859375000E+00,+2.0474137859E+00
+102.9000E-06,+3.0390625000E+00,+5.0820312500E+00,+2.0438981608E+00
+103.0000E-06,+3.0507812500E+00,+5.0859375000E+00,+2.0333512857E+00
+103.1000E-06,+3.0859375000E+00,+5.1015625000E+00,+2.0157731604E+00
+103.2000E-06,+3.0820312500E+00,+5.0937500000E+00,+2.0087419103E+00
+103.3000E-06,+3.0585937500E+00,+5.0781250000E+00,+2.0173356604E+00
+103.4000E-06,+3.0976562500E+00,+5.0976562500E+00,+1.9997575352E+00
+103.5000E-06,+3.1250000000E+00,+5.1054687500E+00,+1.9786637849E+00
+103.6000E-06,+3.1171875000E+00,+5.0937500000E+00,+1.9767106598E+00
+103.7000E-06,+3.1093750000E+00,+5.0859375000E+00,+1.9767106598E+00
+103.8000E-06,+3.1328125000E+00,+5.0976562500E+00,+1.9626481596E+00
+103.9000E-06,+3.1757812500E+00,+5.1093750000E+00,+1.9360856592E+00
+104.0000E-06,+3.1718750000E+00,+5.1015625000E+00,+1.9317887842E+00
+104.1000E-06,+3.1523437500E+00,+5.0898437500E+00,+1.9399919093E+00
+104.2000E-06,+3.1679687500E+00,+5.0976562500E+00,+1.9271012841E+00
+104.3000E-06,+3.2109375000E+00,+5.1132812500E+00,+1.9024919087E+00
+104.4000E-06,+3.2109375000E+00,+5.1054687500E+00,+1.8938981586E+00
+104.5000E-06,+3.1875000000E+00,+5.0937500000E+00,+1.9052262838E+00
+104.6000E-06,+3.2031250000E+00,+5.0976562500E+00,+1.8938981586E+00
+104.7000E-06,+3.2421875000E+00,+5.1132812500E+00,+1.8716325333E+00
+104.8000E-06,+3.2578125000E+00,+5.1132812500E+00,+1.8571794080E+00
+104.9000E-06,+3.2539062500E+00,+5.1093750000E+00,+1.8544450330E+00
+105.0000E-06,+3.2500000000E+00,+5.1054687500E+00,+1.8532731580E+00
+105.1000E-06,+3.2617187500E+00,+5.1054687500E+00,+1.8450700329E+00
+105.2000E-06,+3.2851562500E+00,+5.1132812500E+00,+1.8290544076E+00
+105.3000E-06,+3.2929687500E+00,+5.1132812500E+00,+1.8188981575E+00
+105.4000E-06,+3.2851562500E+00,+5.1054687500E+00,+1.8188981575E+00
+105.5000E-06,+3.3046875000E+00,+5.1132812500E+00,+1.8087419073E+00
+105.6000E-06,+3.3320312500E+00,+5.1250000000E+00,+1.7899919070E+00
+105.7000E-06,+3.3398437500E+00,+5.1210937500E+00,+1.7813981569E+00
+105.8000E-06,+3.3242187500E+00,+5.1093750000E+00,+1.7845231570E+00
+105.9000E-06,+3.3203125000E+00,+5.1054687500E+00,+1.7829606569E+00
+106.0000E-06,+3.3515625000E+00,+5.1171875000E+00,+1.7665544067E+00
+106.1000E-06,+3.3789062500E+00,+5.1250000000E+00,+1.7485856564E+00
+106.2000E-06,+3.3867187500E+00,+5.1289062500E+00,+1.7419450313E+00
+106.3000E-06,+3.3789062500E+00,+5.1210937500E+00,+1.7411637813E+00
+106.4000E-06,+3.3789062500E+00,+5.1171875000E+00,+1.7388200313E+00
+106.5000E-06,+3.3750000000E+00,+5.1132812500E+00,+1.7353044062E+00
+106.6000E-06,+3.3906250000E+00,+5.1210937500E+00,+1.7274919061E+00
+106.7000E-06,+3.4492187500E+00,+5.1445312500E+00,+1.6974137807E+00
+106.8000E-06,+3.4179687500E+00,+5.1250000000E+00,+1.7032731558E+00
+106.9000E-06,+3.3984375000E+00,+5.1132812500E+00,+1.7181169060E+00
+107.0000E-06,+3.4218750000E+00,+5.1250000000E+00,+1.7028825307E+00
+107.1000E-06,+3.4531250000E+00,+5.1367187500E+00,+1.6833512805E+00
+107.2000E-06,+3.4414062500E+00,+5.1250000000E+00,+1.6833512805E+00
+107.3000E-06,+3.4257812500E+00,+5.1171875000E+00,+1.6915544056E+00
+107.4000E-06,+3.4570312500E+00,+5.1328125000E+00,+1.6728044053E+00
+107.5000E-06,+3.4648437500E+00,+5.1289062500E+00,+1.6646012802E+00
+107.6000E-06,+3.5000000000E+00,+5.1523437500E+00,+1.6505387800E+00
+107.7000E-06,+3.4726562500E+00,+5.1250000000E+00,+1.6521012800E+00
+107.8000E-06,+3.4414062500E+00,+5.1132812500E+00,+1.6696794053E+00
+107.9000E-06,+3.4921875000E+00,+5.1406250000E+00,+1.6474137799E+00
+108.0000E-06,+3.5273437500E+00,+5.1484375000E+00,+1.6185075295E+00
+108.1000E-06,+3.5156250000E+00,+5.1406250000E+00,+1.6235856546E+00
+108.2000E-06,+3.5000000000E+00,+5.1289062500E+00,+1.6286637796E+00
+108.3000E-06,+3.4960937500E+00,+5.1289062500E+00,+1.6298356547E+00
+108.4000E-06,+3.5507812500E+00,+5.1523437500E+00,+1.6044450293E+00
+108.5000E-06,+3.5390625000E+00,+5.1406250000E+00,+1.6013200292E+00
+108.6000E-06,+3.5273437500E+00,+5.1328125000E+00,+1.6052262793E+00
+108.7000E-06,+3.5468750000E+00,+5.1445312500E+00,+1.5946794041E+00
+108.8000E-06,+3.5585937500E+00,+5.1445312500E+00,+1.5856950290E+00
+108.9000E-06,+3.5703125000E+00,+5.1484375000E+00,+1.5774919039E+00
+109.0000E-06,+3.5664062500E+00,+5.1406250000E+00,+1.5759294039E+00
+109.1000E-06,+3.5664062500E+00,+5.1406250000E+00,+1.5720231538E+00
+109.2000E-06,+3.5820312500E+00,+5.1484375000E+00,+1.5649919037E+00
+109.3000E-06,+3.5898437500E+00,+5.1445312500E+00,+1.5548356535E+00
+109.4000E-06,+3.6015625000E+00,+5.1523437500E+00,+1.5505387785E+00
+109.5000E-06,+3.6054687500E+00,+5.1523437500E+00,+1.5470231534E+00
+109.6000E-06,+3.5976562500E+00,+5.1406250000E+00,+1.5431169034E+00
+109.7000E-06,+3.6171875000E+00,+5.1523437500E+00,+1.5349137782E+00
+109.8000E-06,+3.6250000000E+00,+5.1484375000E+00,+1.5255387781E+00
+109.9000E-06,+3.6250000000E+00,+5.1484375000E+00,+1.5239762781E+00
+110.0000E-06,+3.6367187500E+00,+5.1523437500E+00,+1.5169450280E+00
+110.1000E-06,+3.6328125000E+00,+5.1484375000E+00,+1.5134294029E+00
+110.2000E-06,+3.6523437500E+00,+5.1562500000E+00,+1.5048356528E+00
+110.3000E-06,+3.6523437500E+00,+5.1484375000E+00,+1.4993669027E+00
+110.4000E-06,+3.6484375000E+00,+5.1484375000E+00,+1.4993669027E+00
+110.5000E-06,+3.6679687500E+00,+5.1601562500E+00,+1.4896012776E+00
+110.6000E-06,+3.6679687500E+00,+5.1484375000E+00,+1.4817887775E+00
+110.7000E-06,+3.6445312500E+00,+5.1367187500E+00,+1.4942887776E+00
+110.8000E-06,+3.6992187500E+00,+5.1679687500E+00,+1.4716325273E+00
+110.9000E-06,+3.7148437500E+00,+5.1679687500E+00,+1.4536637770E+00
+111.0000E-06,+3.6757812500E+00,+5.1484375000E+00,+1.4720231523E+00
+111.1000E-06,+3.6757812500E+00,+5.1445312500E+00,+1.4704606523E+00
+111.2000E-06,+3.6992187500E+00,+5.1601562500E+00,+1.4603044021E+00
+111.3000E-06,+3.7226562500E+00,+5.1679687500E+00,+1.4454606519E+00
+111.4000E-06,+3.7031250000E+00,+5.1523437500E+00,+1.4501481520E+00
+111.5000E-06,+3.7109375000E+00,+5.1601562500E+00,+1.4489762770E+00
+111.6000E-06,+3.7265625000E+00,+5.1601562500E+00,+1.4333512767E+00
+111.7000E-06,+3.7460937500E+00,+5.1718750000E+00,+1.4251481516E+00
+111.8000E-06,+3.7539062500E+00,+5.1679687500E+00,+1.4146012765E+00
+111.9000E-06,+3.6914062500E+00,+5.1328125000E+00,+1.4388200268E+00
+112.0000E-06,+3.7226562500E+00,+5.1562500000E+00,+1.4329606517E+00
+112.1000E-06,+3.7968750000E+00,+5.1875000000E+00,+1.3919450261E+00
+112.2000E-06,+3.7734375000E+00,+5.1679687500E+00,+1.3942887762E+00
+112.3000E-06,+3.7539062500E+00,+5.1601562500E+00,+1.4071794013E+00
+112.4000E-06,+3.7539062500E+00,+5.1562500000E+00,+1.4005387762E+00
+112.5000E-06,+3.7773437500E+00,+5.1679687500E+00,+1.3888200261E+00
+112.6000E-06,+3.7929687500E+00,+5.1718750000E+00,+1.3790544009E+00
+112.7000E-06,+3.7773437500E+00,+5.1601562500E+00,+1.3845231510E+00
+112.8000E-06,+3.7929687500E+00,+5.1718750000E+00,+1.3786637759E+00
+112.9000E-06,+3.8085937500E+00,+5.1757812500E+00,+1.3661637757E+00
+113.0000E-06,+3.8085937500E+00,+5.1718750000E+00,+1.3646012757E+00
+113.1000E-06,+3.7968750000E+00,+5.1640625000E+00,+1.3649919007E+00
+113.2000E-06,+3.7968750000E+00,+5.1640625000E+00,+1.3657731507E+00
+113.3000E-06,+3.8203125000E+00,+5.1757812500E+00,+1.3524919005E+00
+113.4000E-06,+3.8281250000E+00,+5.1757812500E+00,+1.3462419004E+00
+113.5000E-06,+3.8242187500E+00,+5.1718750000E+00,+1.3481950255E+00
+113.6000E-06,+3.8359375000E+00,+5.1796875000E+00,+1.3431169004E+00
+113.7000E-06,+3.8359375000E+00,+5.1718750000E+00,+1.3364762753E+00
+113.8000E-06,+3.8398437500E+00,+5.1718750000E+00,+1.3337419002E+00
+113.9000E-06,+3.8320312500E+00,+5.1679687500E+00,+1.3341325253E+00
+114.0000E-06,+3.8359375000E+00,+5.1679687500E+00,+1.3317887752E+00
+114.1000E-06,+3.8867187500E+00,+5.1953125000E+00,+1.3071793999E+00
+114.2000E-06,+3.8828125000E+00,+5.1835937500E+00,+1.3021012748E+00
+114.3000E-06,+3.8476562500E+00,+5.1679687500E+00,+1.3177262750E+00
+114.4000E-06,+3.8593750000E+00,+5.1718750000E+00,+1.3138200250E+00
+114.5000E-06,+3.8789062500E+00,+5.1796875000E+00,+1.3001481497E+00
+114.6000E-06,+3.8906250000E+00,+5.1796875000E+00,+1.2907731496E+00
+114.7000E-06,+3.8906250000E+00,+5.1796875000E+00,+1.2896012746E+00
+114.8000E-06,+3.8906250000E+00,+5.1757812500E+00,+1.2853043995E+00
+114.9000E-06,+3.8906250000E+00,+5.1757812500E+00,+1.2825700245E+00
+115.0000E-06,+3.9218750000E+00,+5.1914062500E+00,+1.2700700243E+00
+115.1000E-06,+3.9218750000E+00,+5.1835937500E+00,+1.2614762742E+00
+115.2000E-06,+3.8867187500E+00,+5.1640625000E+00,+1.2747575244E+00
+115.3000E-06,+3.9062500000E+00,+5.1757812500E+00,+1.2673356493E+00
+115.4000E-06,+3.9492187500E+00,+5.1914062500E+00,+1.2446793989E+00
+115.5000E-06,+3.9531250000E+00,+5.1875000000E+00,+1.2380387738E+00
+115.6000E-06,+3.9414062500E+00,+5.1796875000E+00,+1.2399918989E+00
+115.7000E-06,+3.9296875000E+00,+5.1718750000E+00,+1.2415543989E+00
+115.8000E-06,+3.9531250000E+00,+5.1835937500E+00,+1.2302262737E+00
+115.9000E-06,+3.9765625000E+00,+5.1914062500E+00,+1.2149918985E+00
+116.0000E-06,+3.9609375000E+00,+5.1796875000E+00,+1.2181168985E+00
+116.1000E-06,+3.9609375000E+00,+5.1796875000E+00,+1.2161637735E+00
+116.2000E-06,+3.9804687500E+00,+5.1875000000E+00,+1.2075700234E+00
+116.3000E-06,+3.9921875000E+00,+5.1914062500E+00,+1.1970231482E+00
+116.4000E-06,+3.9960937500E+00,+5.1875000000E+00,+1.1927262731E+00
+116.5000E-06,+3.9960937500E+00,+5.1875000000E+00,+1.1907731481E+00
+116.6000E-06,+3.9960937500E+00,+5.1835937500E+00,+1.1884293981E+00
+116.7000E-06,+4.0156250000E+00,+5.1875000000E+00,+1.1743668979E+00
+116.8000E-06,+4.0273437500E+00,+5.1914062500E+00,+1.1673356478E+00
+116.9000E-06,+4.0195312500E+00,+5.1835937500E+00,+1.1661637728E+00
+117.0000E-06,+4.0273437500E+00,+5.1914062500E+00,+1.1634293977E+00
+117.1000E-06,+4.0429687500E+00,+5.1914062500E+00,+1.1481950225E+00
+117.2000E-06,+4.0546875000E+00,+5.1914062500E+00,+1.1388200223E+00
+117.3000E-06,+4.0507812500E+00,+5.1914062500E+00,+1.1372575223E+00
+117.4000E-06,+4.0507812500E+00,+5.1875000000E+00,+1.1364762723E+00
+117.5000E-06,+4.0781250000E+00,+5.1992187500E+00,+1.1204606471E+00
+117.6000E-06,+4.0937500000E+00,+5.1992187500E+00,+1.1067887719E+00
+117.7000E-06,+4.0664062500E+00,+5.1796875000E+00,+1.1146012720E+00
+117.8000E-06,+4.0664062500E+00,+5.1835937500E+00,+1.1157731470E+00
+117.9000E-06,+4.1210937500E+00,+5.2070312500E+00,+1.0880387716E+00
+118.0000E-06,+4.1171875000E+00,+5.1953125000E+00,+1.0786637714E+00
+118.1000E-06,+4.0976562500E+00,+5.1875000000E+00,+1.0915543966E+00
+118.2000E-06,+4.1054687500E+00,+5.1914062500E+00,+1.0864762716E+00
+118.3000E-06,+4.1289062500E+00,+5.1992187500E+00,+1.0700700213E+00
+118.4000E-06,+4.1328125000E+00,+5.1992187500E+00,+1.0657731463E+00
+118.5000E-06,+4.1250000000E+00,+5.1875000000E+00,+1.0661637713E+00
+118.6000E-06,+4.1328125000E+00,+5.1953125000E+00,+1.0638200212E+00
+118.7000E-06,+4.1328125000E+00,+5.1914062500E+00,+1.0579606461E+00
+118.8000E-06,+4.1679687500E+00,+5.2109375000E+00,+1.0415543959E+00
+118.9000E-06,+4.1601562500E+00,+5.1992187500E+00,+1.0396012709E+00
+119.0000E-06,+4.1210937500E+00,+5.1757812500E+00,+1.0575700211E+00
+119.1000E-06,+4.1601562500E+00,+5.1992187500E+00,+1.0423356459E+00
+119.2000E-06,+4.1953125000E+00,+5.2109375000E+00,+1.0169450205E+00
+119.3000E-06,+4.1757812500E+00,+5.1992187500E+00,+1.0239762706E+00
+119.4000E-06,+4.1601562500E+00,+5.1953125000E+00,+1.0337418958E+00
+119.5000E-06,+4.1718750000E+00,+5.1992187500E+00,+1.0274918957E+00
+119.6000E-06,+4.2031250000E+00,+5.2109375000E+00,+1.0083512704E+00
+119.7000E-06,+4.1914062500E+00,+5.1992187500E+00,+1.0099137704E+00
+119.8000E-06,+4.1796875000E+00,+5.1953125000E+00,+1.0157731455E+00
+119.9000E-06,+4.2031250000E+00,+5.2070312500E+00,+1.0052262704E+00
+120.0000E-06,+3.8867187500E+00,+4.9492187500E+00,+1.0618668962E+00
+120.1000E-06,+4.3125000000E+00,+5.3320312500E+00,+1.0212418956E+00
+120.2000E-06,+4.1289062500E+00,+5.1718750000E+00,+1.0419450209E+00
+120.3000E-06,+4.0859375000E+00,+5.1171875000E+00,+1.0306168957E+00
+120.4000E-06,+4.1093750000E+00,+5.1523437500E+00,+1.0462418960E+00
+120.5000E-06,+4.0742187500E+00,+5.1328125000E+00,+1.0610856462E+00
+120.6000E-06,+4.0781250000E+00,+5.1445312500E+00,+1.0649918962E+00
+120.7000E-06,+4.0820312500E+00,+5.1484375000E+00,+1.0657731463E+00
+120.8000E-06,+4.0507812500E+00,+5.1406250000E+00,+1.0876481466E+00
+120.9000E-06,+4.0468750000E+00,+5.1445312500E+00,+1.0974137717E+00
+121.0000E-06,+4.0234375000E+00,+5.1367187500E+00,+1.1134293970E+00
+121.1000E-06,+4.0039062500E+00,+5.1328125000E+00,+1.1306168972E+00
+121.2000E-06,+4.0000000000E+00,+5.1367187500E+00,+1.1345231473E+00
+121.3000E-06,+3.9882812500E+00,+5.1328125000E+00,+1.1438981474E+00
+121.4000E-06,+3.9726562500E+00,+5.1328125000E+00,+1.1599137727E+00
+121.5000E-06,+3.9570312500E+00,+5.1289062500E+00,+1.1696793978E+00
+121.6000E-06,+3.9609375000E+00,+5.1367187500E+00,+1.1751481479E+00
+121.7000E-06,+3.9570312500E+00,+5.1367187500E+00,+1.1802262730E+00
+121.8000E-06,+3.9257812500E+00,+5.1250000000E+00,+1.1966325232E+00
+121.9000E-06,+3.9062500000E+00,+5.1210937500E+00,+1.2126481484E+00
+122.0000E-06,+3.9023437500E+00,+5.1210937500E+00,+1.2192887735E+00
+122.1000E-06,+3.9101562500E+00,+5.1289062500E+00,+1.2185075235E+00
+122.2000E-06,+3.9023437500E+00,+5.1289062500E+00,+1.2243668986E+00
+122.3000E-06,+3.8789062500E+00,+5.1210937500E+00,+1.2407731489E+00
+122.4000E-06,+3.8671875000E+00,+5.1171875000E+00,+1.2501481490E+00
+122.5000E-06,+3.8671875000E+00,+5.1210937500E+00,+1.2528825240E+00
+122.6000E-06,+3.8554687500E+00,+5.1132812500E+00,+1.2603043992E+00
+122.7000E-06,+3.8437500000E+00,+5.1171875000E+00,+1.2708512743E+00
+122.8000E-06,+3.8437500000E+00,+5.1171875000E+00,+1.2743668994E+00
+122.9000E-06,+3.8359375000E+00,+5.1171875000E+00,+1.2813981495E+00
+123.0000E-06,+3.8320312500E+00,+5.1171875000E+00,+1.2856950245E+00
+123.1000E-06,+3.8203125000E+00,+5.1132812500E+00,+1.2915543996E+00
+123.2000E-06,+3.8164062500E+00,+5.1132812500E+00,+1.2974137747E+00
+123.3000E-06,+3.8046875000E+00,+5.1093750000E+00,+1.3044450248E+00
+123.4000E-06,+3.7968750000E+00,+5.1093750000E+00,+1.3103043999E+00
+123.5000E-06,+3.7929687500E+00,+5.1093750000E+00,+1.3165544000E+00
+123.6000E-06,+3.7890625000E+00,+5.1093750000E+00,+1.3208512751E+00
+123.7000E-06,+3.7851562500E+00,+5.1132812500E+00,+1.3259294001E+00
+123.8000E-06,+3.7656250000E+00,+5.1054687500E+00,+1.3364762753E+00
+123.9000E-06,+3.7539062500E+00,+5.1015625000E+00,+1.3450700254E+00
+124.0000E-06,+3.7578125000E+00,+5.1054687500E+00,+1.3485856505E+00
+124.1000E-06,+3.7500000000E+00,+5.1015625000E+00,+1.3505387755E+00
+124.2000E-06,+3.7343750000E+00,+5.0976562500E+00,+1.3638200257E+00
+124.3000E-06,+3.7304687500E+00,+5.1015625000E+00,+1.3696794008E+00
+124.4000E-06,,,
